Id,Name,Quantity,ExpDate
1,XVlBzgb,30,22032021
2,aiCMRAj,30,22032021
3,WwhTHct,30,22032021
4,cuAxhxK,30,22032021
5,QFDaFpL,30,22032021
6,SjFbcXo,30,22032021
7,EFfRsWx,30,22032021
8,PLDnJOb,30,22032021
9,CsNVlgT,30,22032021
10,eMaPEZQ,30,22032021
11,leQYhYz,30,22032021
12,RyWJjPj,30,22032021
13,zpfRFEg,30,22032021
14,motaFet,30,22032021
15,HsbZRjx,30,22032021
16,Awnwekr,30,22032021
17,BEmfdzd,30,22032021
18,cEkXBAk,30,22032021
19,jQZLCtT,30,22032021
20,MtTCoaN,30,22032021
21,atyyiNK,30,22032021
22,AReKJyi,30,22032021
23,XJrscct,30,22032021
24,NswYNsG,30,22032021
25,RussVma,30,22032021
26,ozFZBsb,30,22032021
27,OJiFQGZ,30,22032021
28,snwTKSm,30,22032021
29,VoiGLOp,30,22032021
30,bUOpEdK,30,22032021
31,updOMeR,30,22032021
32,VjaRzLN,30,22032021
33,TXYeUCW,30,22032021
34,KsXbGyR,30,22032021
35,AOmBTvK,30,22032021
36,SJfjzaL,30,22032021
37,btZsyMG,30,22032021
38,euDtRzQ,30,22032021
39,MDQiYCO,30,22032021
40,hgHOvgS,30,22032021
41,eycJPJH,30,22032021
42,YNufNjJ,30,22032021
43,hhjUVRu,30,22032021
44,SqfgqVM,30,22032021
45,kPYVkUR,30,22032021
46,UpiFvIZ,30,22032021
47,RgBmyAr,30,22032021
48,KCtzkjk,30,22032021
49,ZIvaBjM,30,22032021
50,kXVbWGv,30,22032021
51,bqzgexy,30,22032021
52,ALBsdjS,30,22032021
53,GpngCwF,30,22032021
54,kDifIBu,30,22032021
55,ufFMoWd,30,22032021
56,iTskZoQ,30,22032021
57,JMqrTIC,30,22032021
58,TojIYxy,30,22032021
59,eSxZyfr,30,22032021
60,oRODMbN,30,22032021
61,DRZnPNR,30,22032021
62,WCJPMHD,30,22032021
63,tJmHAYO,30,22032021
64,RsUfUMA,30,22032021
65,psVgzHb,30,22032021
66,lmYYtEj,30,22032021
67,VgwfFbb,30,22032021
68,GGcnqba,30,22032021
69,EREunUZ,30,22032021
70,jQXmZOt,30,22032021
71,aRLUtmY,30,22032021
72,gmSVYBA,30,22032021
73,DDvoxIf,30,22032021
74,sfgPyCK,30,22032021
75,mxIubeY,30,22032021
76,TNDtjAy,30,22032021
77,RRDedMi,30,22032021
78,yLprucj,30,22032021
79,iOgjhYe,30,22032021
80,VwBTCML,30,22032021
81,frDGXqw,30,22032021
82,pzwVGqM,30,22032021
83,ZcLVCxa,30,22032021
84,SJlDSYE,30,22032021
85,ofkkEYe,30,22032021
86,qkKHqgB,30,22032021
87,pnbPbgH,30,22032021
88,MLUIDjU,30,22032021
89,MmpBHCS,30,22032021
90,jMJjxzu,30,22032021
91,aiIsNBa,30,22032021
92,kqSwQpO,30,22032021
93,QgNczga,30,22032021
94,czAInLq,30,22032021
95,LIbAatL,30,22032021
96,YHdaopo,30,22032021
97,vFOkqIe,30,22032021
98,xsFzXzr,30,22032021
99,lcztxcd,30,22032021
100,JJFuyZH,30,22032021
